vendor_id,vendor_name,on_time_delivery,quality_rating,defect_rate,response_time,cost_efficiency,compliance_score,customer_satisfaction,delivery_delay_days
1,Vendor_1,88,4.83,7.86,36,2.2,68,4.98,1
2,Vendor_2,78,2.52,5.75,45,4.99,81,2.8,6
3,Vendor_3,64,3.06,5.67,23,5.06,91,2.01,4
4,Vendor_4,92,3.41,3.91,45,9.63,64,2.77,3
5,Vendor_5,57,3.72,5.01,45,4.88,82,4.39,7
6,Vendor_6,70,4.63,3.97,34,5.94,64,1.82,8
7,Vendor_7,88,2.72,5.4,9,5.8,91,4.81,8
8,Vendor_8,68,4.51,6.28,24,6.73,69,2.37,2
9,Vendor_9,72,2.64,6.74,8,7.73,98,4.94,2
10,Vendor_10,60,4.61,5.32,7,3.03,74,4.35,4
11,Vendor_11,60,2.63,7.21,36,5.76,66,4.23,4
12,Vendor_12,73,2.55,1.41,18,8.43,88,2.27,9
13,Vendor_13,85,4.24,2.12,3,5.17,62,1.04,1
14,Vendor_14,89,4.99,8.19,28,3.51,78,2.53,0
15,Vendor_15,73,4.74,3.23,6,6.89,69,2.21,7
16,Vendor_16,52,3.94,0.23,44,8.41,87,1.15,2
17,Vendor_17,71,4.79,1.54,44,1.57,88,3.02,0
18,Vendor_18,51,2.51,2.24,21,7.99,74,2.61,0
19,Vendor_19,73,4.94,9.57,28,8.39,94,3.54,1
20,Vendor_20,93,3.73,5.73,40,5.15,65,3.48,5
21,Vendor_21,79,4.31,9.33,1,9.85,71,1.48,5
22,Vendor_22,87,4.55,5.75,36,8.08,97,4.91,2
23,Vendor_23,51,4.3,4.79,21,7.96,72,1.75,3
24,Vendor_24,70,3.84,3.14,43,7.73,88,2.78,1
25,Vendor_25,82,3.69,6.06,35,2.36,78,2.95,1
26,Vendor_26,61,4.6,1.39,13,2.96,62,4.25,6
27,Vendor_27,71,3.01,8.98,10,5.18,67,1.4,0
28,Vendor_28,93,4.92,8.29,44,3.38,67,2.71,6
29,Vendor_29,74,4.28,3.18,47,4.74,79,3.51,0
30,Vendor_30,98,3.0,9.53,10,9.0,63,1.86,5
31,Vendor_31,76,4.34,8.25,46,8.42,80,3.51,2
32,Vendor_32,91,3.82,6.66,13,6.67,62,4.69,7
33,Vendor_33,77,4.27,1.22,37,8.72,67,4.99,5
34,Vendor_34,65,4.42,4.78,38,8.05,82,1.13,1
35,Vendor_35,64,2.72,5.06,24,4.86,75,1.94,7
36,Vendor_36,96,3.77,2.33,2,2.81,72,2.24,4
37,Vendor_37,93,4.83,0.8,22,5.63,62,2.6,7
38,Vendor_38,52,3.3,7.77,17,7.63,68,1.97,7
39,Vendor_39,86,3.98,1.22,36,4.93,73,1.81,5
40,Vendor_40,56,3.42,5.94,14,7.0,72,4.82,1
41,Vendor_41,70,3.64,9.36,10,1.85,66,4.67,7
42,Vendor_42,58,3.87,8.76,35,7.73,74,1.19,5
43,Vendor_43,88,3.87,2.78,25,8.31,66,2.36,5
44,Vendor_44,67,3.0,8.51,3,7.36,97,2.62,7
45,Vendor_45,53,4.21,0.0,47,9.71,93,1.96,0
46,Vendor_46,74,2.72,0.18,38,8.44,81,3.52,1
47,Vendor_47,63,2.85,6.03,17,9.13,83,3.56,8
48,Vendor_48,99,2.51,3.65,12,9.4,96,4.4,7
49,Vendor_49,58,2.79,3.86,24,8.21,60,3.96,6
50,Vendor_50,75,3.68,5.64,29,7.07,69,3.17,6
51,Vendor_51,51,4.02,1.92,43,1.05,75,3.61,4
52,Vendor_52,69,4.49,2.12,25,5.19,67,2.1,1
53,Vendor_53,77,2.77,4.85,36,6.14,84,3.37,5
54,Vendor_54,96,4.63,7.54,26,3.74,71,2.96,9
55,Vendor_55,56,4.36,6.19,38,3.86,84,1.53,2
56,Vendor_56,93,3.52,2.97,1,9.65,76,1.97,3
57,Vendor_57,57,4.83,4.3,20,9.03,85,2.17,9
58,Vendor_58,96,4.98,1.71,28,8.64,73,4.7,1
59,Vendor_59,84,3.01,0.75,16,4.65,95,1.92,1
60,Vendor_60,63,3.45,7.83,47,1.12,82,2.16,7
61,Vendor_61,66,4.82,2.65,17,1.72,65,2.48,7
62,Vendor_62,85,4.3,1.78,40,3.81,64,3.65,9
63,Vendor_63,99,2.62,6.92,28,1.14,84,1.47,5
64,Vendor_64,89,4.45,6.18,12,1.15,77,4.82,4
65,Vendor_65,53,4.57,6.33,27,9.25,72,4.46,7
66,Vendor_66,51,4.38,2.29,42,7.36,73,3.31,3
67,Vendor_67,55,4.5,2.33,47,3.78,87,3.7,3
68,Vendor_68,91,4.56,2.21,30,2.19,77,1.07,4
69,Vendor_69,53,2.97,1.74,41,5.6,87,2.36,0
70,Vendor_70,78,3.09,6.56,34,1.05,86,4.18,0
71,Vendor_71,67,4.08,8.48,37,9.45,91,1.31,1
72,Vendor_72,75,4.77,7.24,6,4.73,68,2.13,7
73,Vendor_73,93,3.29,7.92,7,4.62,99,3.34,6
74,Vendor_74,83,3.97,4.05,32,4.52,91,2.03,9
75,Vendor_75,59,4.21,6.54,32,1.62,79,4.74,8
76,Vendor_76,85,3.63,3.54,25,6.74,87,1.52,4
77,Vendor_77,63,4.28,5.26,33,7.6,92,4.19,1
78,Vendor_78,80,4.75,4.82,7,7.09,63,3.03,6
79,Vendor_79,97,4.06,1.77,12,2.25,93,4.0,7
80,Vendor_80,64,3.85,3.87,16,6.21,62,2.24,6
81,Vendor_81,57,3.6,9.64,16,6.13,85,3.06,6
82,Vendor_82,63,3.94,2.49,43,8.82,67,4.43,4
83,Vendor_83,72,3.39,1.34,36,4.41,65,2.87,1
84,Vendor_84,89,3.48,4.19,13,4.34,75,2.44,5
85,Vendor_85,70,3.83,7.9,7,6.57,83,3.14,3
86,Vendor_86,65,2.67,5.82,36,6.7,98,3.87,9
87,Vendor_87,94,3.07,6.81,47,5.22,89,2.77,1
88,Vendor_88,67,3.86,1.9,9,4.99,72,4.76,8
89,Vendor_89,96,3.58,6.19,32,5.45,64,2.18,6
90,Vendor_90,73,3.33,3.24,11,8.75,84,2.9,5
91,Vendor_91,75,4.33,8.34,8,5.15,79,4.03,4
92,Vendor_92,74,4.23,6.29,33,9.46,77,3.76,2
93,Vendor_93,94,2.92,1.99,23,5.54,77,4.45,9
94,Vendor_94,90,4.7,0.65,25,9.54,61,4.99,9
95,Vendor_95,78,3.74,0.43,8,8.5,69,2.71,3
96,Vendor_96,64,4.35,3.71,45,4.26,71,1.44,2
97,Vendor_97,94,3.93,2.66,22,8.77,72,1.12,7
98,Vendor_98,50,4.99,6.46,4,1.99,70,3.91,2
99,Vendor_99,74,4.38,4.99,40,9.33,78,4.5,6
100,Vendor_100,56,4.27,2.66,3,6.68,94,1.88,6
101,Vendor_101,58,4.45,1.49,29,1.49,98,1.63,6
102,Vendor_102,73,2.86,1.27,41,6.8,85,1.25,6
103,Vendor_103,50,3.01,8.65,29,9.77,73,4.29,1
104,Vendor_104,93,4.29,2.43,34,1.63,83,2.25,9
105,Vendor_105,57,3.73,6.52,34,5.99,60,2.61,2
106,Vendor_106,73,4.39,8.11,28,7.73,81,3.01,9
107,Vendor_107,60,2.76,6.14,13,8.29,82,4.36,8
108,Vendor_108,66,3.84,8.6,15,4.72,78,3.6,2
109,Vendor_109,57,3.45,3.92,23,2.84,77,3.46,1
110,Vendor_110,84,3.64,9.56,44,1.38,71,1.7,8
111,Vendor_111,84,4.01,1.33,26,6.22,87,3.05,9
112,Vendor_112,82,3.76,1.02,4,5.08,87,3.86,8
113,Vendor_113,54,3.85,6.59,26,9.54,92,4.89,3
114,Vendor_114,91,3.72,9.43,40,1.55,78,1.81,8
115,Vendor_115,88,3.52,8.09,9,7.17,87,1.04,2
116,Vendor_116,90,4.43,0.76,5,1.22,96,1.3,6
117,Vendor_117,77,2.53,2.79,32,2.54,85,2.5,6
118,Vendor_118,56,4.0,9.3,20,5.08,94,4.28,7
119,Vendor_119,58,3.91,2.53,11,5.09,93,1.03,9
120,Vendor_120,57,4.29,7.81,15,7.17,94,2.83,3
121,Vendor_121,61,4.0,8.25,32,9.19,99,2.32,2
122,Vendor_122,83,4.57,4.95,28,6.75,75,1.21,2
123,Vendor_123,82,4.9,3.86,22,9.58,97,2.8,4
124,Vendor_124,97,3.36,4.5,41,8.93,72,2.02,0
125,Vendor_125,72,3.07,2.27,17,6.26,82,2.41,9
126,Vendor_126,73,3.56,8.89,26,8.5,81,3.82,2
127,Vendor_127,86,3.22,4.51,44,6.78,75,3.09,5
128,Vendor_128,84,4.04,8.82,7,1.71,87,1.5,2
129,Vendor_129,93,4.78,1.06,42,7.67,94,4.85,4
130,Vendor_130,89,2.85,9.88,26,1.85,67,3.54,8
131,Vendor_131,71,2.75,4.43,25,6.35,81,4.06,1
132,Vendor_132,76,3.14,0.48,10,7.32,80,1.32,1
133,Vendor_133,84,4.32,0.38,45,1.6,85,1.19,5
134,Vendor_134,50,3.98,7.46,19,3.08,99,1.08,5
135,Vendor_135,84,2.76,6.59,11,9.24,80,1.76,7
136,Vendor_136,86,4.8,8.02,13,6.55,84,2.66,1
137,Vendor_137,96,4.48,1.05,8,3.22,60,4.74,8
138,Vendor_138,63,2.56,0.36,40,7.22,65,2.83,1
139,Vendor_139,52,4.13,5.09,4,6.37,82,2.16,0
140,Vendor_140,50,4.43,3.88,47,5.51,82,3.25,9
141,Vendor_141,54,3.44,4.62,31,9.79,82,1.45,1
142,Vendor_142,75,2.67,9.92,28,7.15,91,3.44,6
143,Vendor_143,63,2.69,9.71,11,4.38,89,3.27,7
144,Vendor_144,88,2.76,9.42,43,8.2,72,4.17,4
145,Vendor_145,76,4.6,7.84,1,8.96,77,4.95,5
146,Vendor_146,58,4.78,3.55,47,2.13,82,2.0,0
147,Vendor_147,64,2.81,4.12,38,2.8,74,3.04,5
148,Vendor_148,64,3.09,5.5,24,2.95,92,4.64,7
149,Vendor_149,75,2.91,8.31,47,7.22,80,4.14,2
150,Vendor_150,91,2.97,0.69,31,6.43,98,2.95,0
151,Vendor_151,62,4.59,4.24,41,6.57,82,4.78,3
152,Vendor_152,81,3.33,0.83,46,9.47,86,1.23,0
153,Vendor_153,88,3.28,5.15,26,7.98,77,4.72,7
154,Vendor_154,98,3.07,8.99,5,2.15,83,1.2,4
155,Vendor_155,81,4.02,7.82,20,4.13,99,3.19,0
156,Vendor_156,53,3.45,2.28,41,4.92,66,4.56,7
157,Vendor_157,79,4.36,9.76,11,4.56,79,2.05,8
158,Vendor_158,86,3.01,6.67,33,7.02,86,2.89,9
159,Vendor_159,72,4.47,0.1,38,9.03,65,2.3,1
160,Vendor_160,88,4.01,2.55,27,3.75,86,4.81,8
161,Vendor_161,94,2.79,2.61,34,5.97,68,4.29,7
162,Vendor_162,64,3.54,0.69,15,8.1,90,3.84,6
163,Vendor_163,92,4.66,9.6,32,4.75,80,3.35,2
164,Vendor_164,78,4.81,4.78,21,2.51,85,4.28,1
165,Vendor_165,85,3.66,8.96,46,5.27,99,2.57,6
166,Vendor_166,62,3.7,3.22,5,1.5,72,2.79,4
167,Vendor_167,81,4.8,1.25,6,9.48,82,3.92,5
168,Vendor_168,56,3.97,4.74,38,1.67,79,2.43,3
169,Vendor_169,71,2.58,1.14,22,4.95,96,1.26,1
170,Vendor_170,77,4.78,4.86,18,5.77,87,1.3,8
171,Vendor_171,51,3.12,9.2,14,9.87,76,1.46,2
172,Vendor_172,91,3.94,5.21,10,2.49,87,4.48,6
173,Vendor_173,94,2.91,6.16,46,2.03,61,2.89,7
174,Vendor_174,55,2.58,1.57,13,1.08,84,3.85,1
175,Vendor_175,77,3.28,0.44,31,2.4,65,2.57,5
176,Vendor_176,77,4.45,1.11,30,2.87,70,2.03,7
177,Vendor_177,93,3.19,5.99,3,6.68,97,2.39,6
178,Vendor_178,93,3.05,0.95,30,2.98,65,4.18,2
179,Vendor_179,69,3.03,3.76,6,1.18,70,3.5,0
180,Vendor_180,79,3.79,5.5,29,8.44,73,4.75,5
181,Vendor_181,60,4.94,3.89,8,4.29,61,3.72,7
182,Vendor_182,77,3.65,1.64,44,4.18,99,3.28,5
183,Vendor_183,74,3.89,2.74,45,3.72,62,3.44,4
184,Vendor_184,88,4.65,9.28,43,9.78,94,4.77,7
185,Vendor_185,82,3.84,6.76,44,2.53,92,4.15,1
186,Vendor_186,50,2.96,4.96,33,9.08,83,1.1,0
187,Vendor_187,76,3.25,0.13,17,7.99,78,3.14,0
188,Vendor_188,62,3.27,9.92,11,1.69,77,3.75,3
189,Vendor_189,90,3.49,6.71,13,9.88,83,3.99,5
190,Vendor_190,52,3.57,3.17,11,3.44,94,1.85,8
191,Vendor_191,88,4.5,8.79,31,1.89,60,4.47,0
192,Vendor_192,55,3.37,2.58,28,8.46,95,4.82,0
193,Vendor_193,57,3.67,5.44,44,7.36,84,1.95,4
194,Vendor_194,76,4.06,6.36,6,6.55,93,4.53,9
195,Vendor_195,58,3.44,2.21,41,2.4,84,1.39,4
196,Vendor_196,86,4.59,9.78,16,5.31,75,1.22,4
197,Vendor_197,82,3.97,7.48,4,8.03,93,1.52,9
198,Vendor_198,91,3.24,5.58,35,3.73,88,1.23,5
199,Vendor_199,93,4.29,1.81,26,3.81,78,4.38,7
200,Vendor_200,73,3.82,0.54,12,1.03,82,1.24,2
201,Vendor_201,64,3.84,3.2,11,2.57,78,2.09,8
202,Vendor_202,81,3.7,7.53,37,8.88,84,1.42,0
203,Vendor_203,81,3.74,2.69,25,4.98,75,2.18,3
204,Vendor_204,73,4.41,5.4,18,9.86,68,1.36,8
205,Vendor_205,90,2.76,7.28,19,4.56,60,3.67,7
206,Vendor_206,98,3.34,1.08,23,7.44,78,1.53,9
207,Vendor_207,98,2.69,6.85,38,3.54,92,4.41,8
208,Vendor_208,61,4.38,0.92,18,4.27,93,4.27,0
209,Vendor_209,88,3.18,9.65,26,2.72,75,1.05,8
210,Vendor_210,51,4.74,4.88,6,4.12,99,4.58,2
211,Vendor_211,52,3.82,1.51,4,5.93,77,1.12,9
212,Vendor_212,98,4.5,3.42,44,9.93,93,1.96,8
213,Vendor_213,86,4.95,4.13,29,6.98,84,1.13,0
214,Vendor_214,98,4.6,7.58,34,2.79,65,2.34,0
215,Vendor_215,66,4.67,7.43,17,1.4,80,3.06,8
216,Vendor_216,98,3.52,6.12,43,2.14,65,4.19,5
217,Vendor_217,51,3.88,1.06,43,6.06,91,2.35,3
218,Vendor_218,51,3.13,1.52,16,7.89,98,3.82,6
219,Vendor_219,77,2.99,0.94,2,9.46,90,1.75,4
220,Vendor_220,72,3.76,5.77,34,1.14,69,4.0,9
221,Vendor_221,86,3.99,8.77,8,5.7,89,1.94,6
222,Vendor_222,81,3.35,4.34,13,5.24,77,1.57,7
223,Vendor_223,82,3.92,1.61,42,6.9,83,1.74,7
224,Vendor_224,50,4.72,5.58,8,6.04,68,1.73,0
225,Vendor_225,68,3.89,8.12,30,7.18,90,3.05,7
226,Vendor_226,51,4.3,7.42,32,6.92,74,4.38,5
227,Vendor_227,93,4.51,8.81,36,2.05,63,1.32,3
228,Vendor_228,75,4.97,2.78,47,8.2,99,3.83,7
229,Vendor_229,81,4.01,1.94,30,2.11,68,3.62,2
230,Vendor_230,55,4.52,8.8,1,7.29,68,4.49,3
231,Vendor_231,81,4.91,6.58,43,4.75,85,1.98,5
232,Vendor_232,53,4.86,3.11,39,5.62,63,2.8,6
233,Vendor_233,60,2.85,7.42,17,9.13,76,4.7,3
234,Vendor_234,66,3.52,8.15,20,9.01,75,3.64,3
235,Vendor_235,87,3.31,6.15,24,8.36,74,2.56,6
236,Vendor_236,73,2.72,6.88,22,5.59,94,1.53,5
237,Vendor_237,54,4.08,3.75,29,7.63,64,2.05,7
238,Vendor_238,83,4.34,5.39,22,5.62,64,3.32,0
239,Vendor_239,55,4.62,5.24,44,8.83,79,3.87,9
240,Vendor_240,71,2.81,8.48,9,4.62,74,1.5,6
241,Vendor_241,60,4.69,8.4,37,9.73,77,3.4,6
242,Vendor_242,97,4.11,8.33,10,9.39,61,3.2,6
243,Vendor_243,65,4.26,0.11,36,7.67,88,3.06,6
244,Vendor_244,82,4.78,7.5,37,3.51,72,3.76,9
245,Vendor_245,58,4.06,7.59,28,2.18,63,4.35,9
246,Vendor_246,55,3.34,6.78,28,8.69,69,2.29,7
247,Vendor_247,65,4.56,7.56,42,2.49,90,4.56,8
248,Vendor_248,78,3.41,8.42,43,8.69,67,1.64,8
249,Vendor_249,52,2.59,4.7,21,5.42,62,1.69,1
250,Vendor_250,69,4.58,5.02,24,4.66,68,2.07,6
251,Vendor_251,85,3.36,1.25,42,9.13,89,1.48,6
252,Vendor_252,68,4.43,3.85,40,6.43,70,1.92,3
253,Vendor_253,75,3.41,6.43,2,6.19,94,1.43,8
254,Vendor_254,52,4.65,7.8,8,6.03,96,4.29,7
255,Vendor_255,68,3.05,2.17,27,4.34,72,1.56,0
256,Vendor_256,69,4.94,1.38,22,8.07,95,3.99,1
257,Vendor_257,81,4.45,6.63,37,3.28,72,1.19,1
258,Vendor_258,56,2.79,0.02,27,9.45,71,4.79,7
259,Vendor_259,90,3.91,1.78,29,9.05,96,3.84,0
260,Vendor_260,82,4.96,0.29,3,4.04,69,1.03,3
261,Vendor_261,89,3.68,1.67,44,7.57,68,4.06,9
262,Vendor_262,88,2.96,1.81,13,6.16,66,3.06,4
263,Vendor_263,67,3.71,3.88,45,4.04,61,4.12,8
264,Vendor_264,89,3.78,4.02,10,9.9,82,3.09,6
265,Vendor_265,50,4.35,8.74,36,1.23,98,3.56,7
266,Vendor_266,60,4.25,5.1,9,3.27,99,4.15,8
267,Vendor_267,77,3.51,7.23,27,5.68,98,2.62,6
268,Vendor_268,74,3.05,1.04,34,5.7,80,1.01,4
269,Vendor_269,99,4.11,2.25,1,6.3,82,4.4,4
270,Vendor_270,72,3.55,7.03,32,7.77,88,2.52,9
271,Vendor_271,80,2.83,0.53,25,6.61,73,2.98,5
272,Vendor_272,79,4.75,4.87,29,6.4,85,1.03,4
273,Vendor_273,91,4.23,5.99,7,1.48,64,2.97,8
274,Vendor_274,84,4.21,6.02,3,4.39,90,4.95,2
275,Vendor_275,56,4.56,0.23,20,3.09,84,2.11,2
276,Vendor_276,65,3.82,3.22,20,3.39,90,2.58,6
277,Vendor_277,75,4.54,6.36,30,5.99,79,3.75,6
278,Vendor_278,97,3.75,1.49,35,2.8,76,4.26,5
279,Vendor_279,98,2.67,6.95,35,3.65,61,2.67,2
280,Vendor_280,51,3.51,7.46,39,3.13,84,2.24,6
281,Vendor_281,50,3.74,9.82,27,9.54,72,4.75,4
282,Vendor_282,97,4.3,2.1,26,9.5,98,3.71,6
283,Vendor_283,61,2.77,8.25,14,6.49,87,1.48,1
284,Vendor_284,54,2.85,5.2,17,9.32,65,1.28,5
285,Vendor_285,86,3.16,3.73,18,8.07,62,2.93,7
286,Vendor_286,81,3.17,1.22,45,6.31,94,1.88,0
287,Vendor_287,58,4.33,7.36,29,1.06,77,2.02,3
288,Vendor_288,90,3.13,2.36,20,7.95,70,4.51,0
289,Vendor_289,84,4.08,3.71,27,7.32,79,1.36,0
290,Vendor_290,68,3.74,0.63,18,6.54,64,3.86,9
291,Vendor_291,97,3.93,8.01,4,7.84,78,2.08,7
292,Vendor_292,65,4.6,7.67,1,5.62,81,4.04,6
293,Vendor_293,52,3.51,7.34,1,7.34,78,3.89,9
294,Vendor_294,69,4.43,2.99,26,9.42,75,1.03,0
295,Vendor_295,73,3.56,1.73,45,4.38,83,3.04,1
296,Vendor_296,82,3.38,6.38,20,7.37,63,1.56,3
297,Vendor_297,73,4.9,4.96,23,5.28,74,4.46,0
298,Vendor_298,60,2.96,1.78,10,7.07,84,4.49,2
299,Vendor_299,98,2.73,6.86,11,7.87,94,2.67,7
300,Vendor_300,57,4.43,9.91,41,1.41,73,2.78,7
301,Vendor_301,85,2.67,7.47,41,6.82,78,2.21,7
302,Vendor_302,87,4.59,7.4,5,3.04,97,3.87,5
303,Vendor_303,89,3.59,9.5,1,7.03,95,2.43,5
304,Vendor_304,69,4.79,2.03,17,5.21,66,2.07,4
305,Vendor_305,84,4.3,5.66,22,7.96,89,2.73,8
306,Vendor_306,97,4.03,9.8,34,2.11,78,1.37,3
307,Vendor_307,74,4.87,1.65,45,6.64,84,3.99,9
308,Vendor_308,84,3.49,7.0,41,3.51,75,1.05,6
309,Vendor_309,74,4.89,5.86,29,8.68,99,3.58,0
310,Vendor_310,78,2.84,5.86,4,9.36,67,1.73,8
311,Vendor_311,67,3.71,6.98,5,9.97,77,1.93,6
312,Vendor_312,95,3.17,9.3,11,8.16,87,3.54,9
313,Vendor_313,67,3.85,7.83,21,7.78,75,4.97,8
314,Vendor_314,51,2.91,0.56,35,2.94,78,4.11,6
315,Vendor_315,84,4.6,8.53,12,4.02,76,1.9,1
316,Vendor_316,65,4.62,2.26,26,5.19,72,1.7,5
317,Vendor_317,90,4.89,3.77,19,7.96,66,4.46,9
318,Vendor_318,85,2.89,4.62,45,9.23,86,2.78,3
319,Vendor_319,82,4.06,4.81,7,2.7,69,1.55,2
320,Vendor_320,53,3.69,4.35,47,9.3,93,4.45,1
321,Vendor_321,82,3.36,9.37,7,7.26,95,4.26,5
322,Vendor_322,63,3.38,7.06,26,6.5,84,4.94,7
323,Vendor_323,70,3.53,6.31,40,2.8,65,4.64,5
324,Vendor_324,97,4.26,0.5,5,1.5,83,4.41,8
325,Vendor_325,69,4.0,9.04,21,6.12,77,1.21,4
326,Vendor_326,57,3.65,9.09,14,6.86,82,1.42,1
327,Vendor_327,56,2.69,7.8,4,2.9,65,3.28,7
328,Vendor_328,52,2.69,0.07,23,6.01,88,3.13,8
329,Vendor_329,66,2.51,0.57,42,8.71,84,2.83,9
330,Vendor_330,82,4.92,2.25,20,8.52,76,2.59,3
331,Vendor_331,97,2.51,1.31,15,9.35,83,2.72,5
332,Vendor_332,61,2.76,3.99,45,4.29,70,3.28,9
333,Vendor_333,71,3.29,9.23,29,3.86,85,1.01,7
334,Vendor_334,71,4.52,4.72,8,7.74,93,2.04,8
335,Vendor_335,95,4.91,0.13,41,4.88,87,3.07,4
336,Vendor_336,79,4.48,2.83,19,1.79,62,3.89,5
337,Vendor_337,87,4.23,0.45,39,3.55,70,1.7,3
338,Vendor_338,87,3.8,0.36,46,4.77,97,3.19,4
339,Vendor_339,94,2.72,2.76,28,3.63,73,3.86,6
340,Vendor_340,57,4.9,2.76,46,3.99,85,2.78,8
341,Vendor_341,76,4.4,7.87,27,3.64,80,1.11,9
342,Vendor_342,76,4.1,9.75,4,1.37,98,2.8,5
343,Vendor_343,83,4.4,3.71,15,6.73,89,2.19,5
344,Vendor_344,70,4.31,4.29,35,6.38,67,4.72,7
345,Vendor_345,79,4.09,8.45,37,6.88,79,1.5,3
346,Vendor_346,82,4.95,2.68,1,2.73,91,3.61,2
347,Vendor_347,77,4.76,1.56,3,3.66,81,1.21,6
348,Vendor_348,96,4.12,8.53,47,6.58,66,2.78,4
349,Vendor_349,82,4.23,0.47,24,6.4,68,3.22,1
350,Vendor_350,54,2.63,6.2,27,5.56,60,2.19,1
351,Vendor_351,97,4.17,5.62,40,4.15,88,2.82,5
352,Vendor_352,68,2.61,3.46,36,9.22,67,1.65,7
353,Vendor_353,53,3.97,3.15,34,4.06,63,2.22,0
354,Vendor_354,84,5.0,7.72,29,5.1,94,3.48,5
355,Vendor_355,98,3.89,0.86,24,7.1,62,2.21,1
356,Vendor_356,66,3.68,2.37,24,5.89,99,4.6,1
357,Vendor_357,93,3.28,7.32,42,4.12,66,3.51,6
358,Vendor_358,77,2.8,5.48,4,4.92,86,2.75,9
359,Vendor_359,79,4.33,1.28,3,8.15,60,1.16,0
360,Vendor_360,78,2.98,8.82,34,3.5,86,3.0,5
361,Vendor_361,95,2.79,3.93,23,2.28,75,4.06,6
362,Vendor_362,55,3.55,8.28,23,3.82,97,2.06,7
363,Vendor_363,84,4.49,7.88,45,8.65,66,4.23,6
364,Vendor_364,90,4.36,6.24,5,1.8,82,2.01,5
365,Vendor_365,86,2.64,4.94,31,9.93,70,4.29,8
366,Vendor_366,73,3.64,9.8,41,5.87,92,1.34,2
367,Vendor_367,78,3.81,1.45,6,9.86,95,4.46,5
368,Vendor_368,98,4.11,7.25,37,9.45,96,3.0,3
369,Vendor_369,95,4.13,1.91,10,5.08,76,2.19,1
370,Vendor_370,80,3.41,3.38,40,2.79,94,2.06,0
371,Vendor_371,84,3.9,3.09,7,2.48,64,2.73,0
372,Vendor_372,82,3.7,9.47,39,3.16,91,5.0,9
373,Vendor_373,70,4.71,9.67,38,7.39,62,1.88,2
374,Vendor_374,81,3.83,1.83,21,3.46,94,1.41,3
375,Vendor_375,72,3.6,0.22,20,4.07,73,3.34,1
376,Vendor_376,82,3.51,7.2,3,5.04,90,2.95,0
377,Vendor_377,52,3.93,4.18,22,9.22,90,3.1,3
378,Vendor_378,67,4.51,0.89,47,2.7,76,3.67,6
379,Vendor_379,74,3.85,6.84,4,1.05,83,2.07,9
380,Vendor_380,91,4.15,5.45,28,1.54,82,4.64,5
381,Vendor_381,80,4.34,9.81,12,9.14,77,2.74,5
382,Vendor_382,52,3.8,2.27,38,6.83,73,1.52,8
383,Vendor_383,89,3.57,4.04,36,3.46,74,3.97,1
384,Vendor_384,95,4.69,5.43,47,2.59,74,3.57,3
385,Vendor_385,73,3.54,7.92,41,3.65,65,2.26,4
386,Vendor_386,99,3.65,5.49,5,2.03,86,3.49,0
387,Vendor_387,81,4.98,6.13,13,9.47,74,1.88,7
388,Vendor_388,96,2.5,2.26,23,8.06,95,2.78,7
389,Vendor_389,71,2.96,8.47,30,5.16,67,4.6,5
390,Vendor_390,72,3.46,4.29,37,8.78,74,1.53,4
391,Vendor_391,51,4.83,1.41,25,3.25,62,2.55,7
392,Vendor_392,76,2.68,6.64,27,7.45,72,4.28,2
393,Vendor_393,91,2.52,2.16,14,8.71,93,4.88,2
394,Vendor_394,51,2.63,0.98,47,4.21,83,2.82,1
395,Vendor_395,75,2.72,8.62,36,7.82,99,3.03,4
396,Vendor_396,66,2.59,4.6,39,3.66,91,3.29,2
397,Vendor_397,89,3.7,7.49,16,3.69,91,4.73,2
398,Vendor_398,82,3.95,2.91,22,1.96,89,4.43,5
399,Vendor_399,58,3.18,7.87,21,4.96,72,1.68,7
400,Vendor_400,92,3.5,1.12,21,7.57,60,2.75,1
401,Vendor_401,97,2.73,3.56,8,9.46,93,2.86,3
402,Vendor_402,88,3.34,9.78,16,6.43,74,4.16,6
403,Vendor_403,78,3.81,7.94,31,8.77,73,3.41,0
404,Vendor_404,91,4.33,4.97,42,8.4,88,3.62,0
405,Vendor_405,75,2.51,3.4,10,2.56,93,4.99,9
406,Vendor_406,84,3.67,8.72,32,5.37,77,1.3,6
407,Vendor_407,99,3.24,5.45,34,2.05,66,1.89,6
408,Vendor_408,74,4.63,7.58,9,7.14,88,2.63,0
409,Vendor_409,73,4.29,7.54,17,9.55,90,2.39,0
410,Vendor_410,62,3.97,0.18,11,2.23,84,1.09,3
411,Vendor_411,56,3.19,1.26,32,7.6,97,1.37,4
412,Vendor_412,85,4.78,6.6,10,6.69,73,3.72,4
413,Vendor_413,94,2.61,1.62,22,6.25,67,4.52,3
414,Vendor_414,69,2.77,2.55,17,4.51,86,3.06,7
415,Vendor_415,50,3.48,9.47,4,4.2,61,3.16,6
416,Vendor_416,57,2.81,5.6,47,1.41,76,2.02,8
417,Vendor_417,95,4.89,7.51,25,2.96,96,4.07,6
418,Vendor_418,65,4.49,5.58,21,1.14,73,4.01,9
419,Vendor_419,63,3.15,5.53,37,6.23,84,3.35,0
420,Vendor_420,61,3.97,0.94,38,1.95,89,1.85,6
421,Vendor_421,72,4.96,3.44,1,8.86,88,1.39,0
422,Vendor_422,64,4.71,2.82,25,5.71,79,1.26,6
423,Vendor_423,77,4.0,3.91,36,7.3,80,3.37,9
424,Vendor_424,83,4.76,7.98,17,4.7,81,4.3,7
425,Vendor_425,51,4.97,3.72,41,6.05,94,4.43,8
426,Vendor_426,81,4.36,4.52,24,9.48,96,2.85,2
427,Vendor_427,72,2.66,3.97,2,1.74,75,4.14,3
428,Vendor_428,71,3.5,0.93,40,3.29,76,4.79,3
429,Vendor_429,74,4.59,4.41,15,8.02,75,2.1,8
430,Vendor_430,71,3.08,1.96,32,1.89,61,2.59,6
431,Vendor_431,71,4.58,1.87,39,1.68,63,4.73,2
432,Vendor_432,98,2.8,0.94,6,4.25,80,2.35,9
433,Vendor_433,91,2.62,3.57,1,1.83,98,4.66,4
434,Vendor_434,55,3.46,7.57,47,6.27,93,4.92,6
435,Vendor_435,64,2.59,2.76,23,3.04,89,3.65,7
436,Vendor_436,92,4.89,3.12,39,9.06,65,4.27,0
437,Vendor_437,86,4.57,6.43,17,8.05,76,4.0,1
438,Vendor_438,82,4.5,1.96,34,7.3,98,3.8,6
439,Vendor_439,57,4.07,8.97,41,6.55,84,2.23,1
440,Vendor_440,93,3.04,5.2,29,8.77,64,1.23,6
441,Vendor_441,93,3.8,4.48,9,3.01,64,2.37,8
442,Vendor_442,54,3.99,5.58,13,8.86,79,3.67,1
443,Vendor_443,88,3.81,1.66,6,8.11,75,1.41,6
444,Vendor_444,53,3.15,6.13,6,7.73,96,1.05,3
445,Vendor_445,55,3.79,3.63,20,6.05,99,1.56,1
446,Vendor_446,94,3.73,8.97,3,3.22,68,3.86,6
447,Vendor_447,81,4.99,1.69,17,4.81,64,4.89,4
448,Vendor_448,79,4.74,5.07,12,8.14,61,4.93,0
449,Vendor_449,96,3.66,5.98,47,1.29,68,2.98,4
450,Vendor_450,84,4.06,0.33,45,8.04,95,4.48,2
451,Vendor_451,89,4.37,3.64,1,3.16,81,3.95,6
452,Vendor_452,65,2.59,7.33,17,2.3,81,3.0,5
453,Vendor_453,62,4.74,8.2,3,2.04,81,3.29,7
454,Vendor_454,99,4.65,3.13,26,1.25,93,1.55,4
455,Vendor_455,91,3.64,7.99,15,5.71,88,4.75,1
456,Vendor_456,79,3.48,9.68,36,2.96,97,2.41,8
457,Vendor_457,68,3.18,8.57,32,9.9,92,2.78,7
458,Vendor_458,66,3.69,1.18,32,6.17,77,3.69,5
459,Vendor_459,68,2.61,7.4,4,2.24,66,2.34,9
460,Vendor_460,77,4.63,3.2,18,7.2,60,2.02,6
461,Vendor_461,75,2.59,9.88,19,9.08,92,3.52,8
462,Vendor_462,86,3.32,4.85,43,7.71,60,1.1,6
463,Vendor_463,75,4.83,1.22,35,1.69,83,3.88,2
464,Vendor_464,72,4.34,7.25,40,9.06,63,3.06,5
465,Vendor_465,58,3.2,3.23,14,8.15,63,3.42,6
466,Vendor_466,61,3.13,9.97,33,2.42,77,3.53,1
467,Vendor_467,50,2.51,9.8,14,1.47,86,3.11,2
468,Vendor_468,50,4.24,6.56,34,6.02,91,3.33,3
469,Vendor_469,96,2.62,1.3,4,2.4,92,3.74,9
470,Vendor_470,83,3.83,6.87,24,8.51,87,4.01,5
471,Vendor_471,81,4.91,0.93,29,4.23,95,3.91,0
472,Vendor_472,97,2.77,0.29,19,9.22,65,4.48,8
473,Vendor_473,74,4.74,8.23,6,6.09,75,1.76,4
474,Vendor_474,89,4.98,2.1,33,2.64,93,2.6,6
475,Vendor_475,94,2.65,3.79,40,2.26,82,4.79,8
476,Vendor_476,50,4.71,9.73,19,6.19,83,2.59,8
477,Vendor_477,65,3.79,3.37,1,7.86,72,1.5,0
478,Vendor_478,88,4.77,2.96,5,8.03,77,3.1,0
479,Vendor_479,54,3.93,9.18,27,3.48,72,1.44,2
480,Vendor_480,71,4.16,1.11,16,2.84,96,1.81,5
481,Vendor_481,78,3.86,7.6,6,1.15,98,4.99,1
482,Vendor_482,52,4.66,9.88,40,7.11,76,3.17,9
483,Vendor_483,61,4.33,9.01,13,1.69,74,2.14,0
484,Vendor_484,75,3.8,6.52,35,4.79,77,4.98,0
485,Vendor_485,65,4.67,3.14,19,6.42,82,4.87,4
486,Vendor_486,86,3.11,2.54,12,9.43,89,2.76,3
487,Vendor_487,71,2.89,8.19,16,3.81,93,2.04,0
488,Vendor_488,78,2.9,8.8,43,3.25,63,4.35,3
489,Vendor_489,63,3.34,5.25,10,6.89,62,3.86,2
490,Vendor_490,77,3.1,2.44,25,6.57,66,3.75,1
491,Vendor_491,54,4.83,1.13,20,3.99,77,4.57,8
492,Vendor_492,96,2.76,0.87,31,9.35,66,3.76,0
493,Vendor_493,98,4.25,7.19,4,8.6,99,2.14,6
494,Vendor_494,79,2.97,4.2,44,3.02,65,3.78,3
495,Vendor_495,95,4.7,9.05,23,3.15,81,2.22,4
496,Vendor_496,54,4.9,7.4,2,5.61,60,4.04,9
497,Vendor_497,61,3.66,1.91,22,7.96,63,3.48,4
498,Vendor_498,65,4.7,6.14,37,1.4,88,1.31,0
499,Vendor_499,75,2.51,4.36,8,7.24,80,3.05,5
500,Vendor_500,75,4.55,5.77,7,6.83,85,2.37,8
501,Vendor_501,97,3.07,7.38,14,3.08,73,2.31,1
502,Vendor_502,70,4.77,8.06,3,7.13,68,3.41,6
503,Vendor_503,88,2.5,8.44,16,9.46,71,2.29,5
504,Vendor_504,85,3.89,2.54,19,1.42,65,4.11,4
505,Vendor_505,82,4.39,0.31,18,3.88,79,1.28,3
506,Vendor_506,79,3.15,7.39,16,4.94,83,3.64,3
507,Vendor_507,86,2.98,1.06,8,9.09,86,4.24,5
508,Vendor_508,72,2.71,3.15,33,9.66,97,3.69,3
509,Vendor_509,59,3.32,0.04,12,5.0,67,2.99,4
510,Vendor_510,54,3.9,6.82,11,7.75,60,4.8,5
511,Vendor_511,85,2.79,1.67,5,5.78,83,2.2,4
512,Vendor_512,83,3.44,6.55,27,5.84,66,1.08,6
513,Vendor_513,80,2.52,9.92,12,3.5,78,2.73,8
514,Vendor_514,59,4.55,0.73,17,2.95,81,1.13,9
515,Vendor_515,68,2.82,0.77,6,3.59,94,4.82,6
516,Vendor_516,81,3.21,3.4,33,6.01,89,1.84,6
517,Vendor_517,50,2.55,8.66,5,1.26,88,4.16,3
518,Vendor_518,54,3.58,2.16,28,9.17,81,4.1,0
519,Vendor_519,94,4.6,3.6,14,2.41,70,1.87,7
520,Vendor_520,53,3.48,0.69,5,2.98,79,3.48,3
521,Vendor_521,65,2.95,7.63,33,5.66,88,1.19,0
522,Vendor_522,73,4.38,4.08,41,7.39,93,2.93,4
523,Vendor_523,65,4.47,7.59,19,1.86,60,1.06,7
524,Vendor_524,51,2.93,9.04,22,3.86,90,4.68,3
525,Vendor_525,98,4.43,2.33,5,9.72,89,4.9,7
526,Vendor_526,77,4.87,8.07,2,3.36,77,1.89,7
527,Vendor_527,81,2.92,0.59,30,3.82,76,1.83,2
528,Vendor_528,76,4.43,8.99,47,8.53,97,4.01,8
529,Vendor_529,69,4.27,6.51,39,1.45,73,2.01,2
530,Vendor_530,73,3.68,8.74,4,5.18,82,4.58,0
531,Vendor_531,61,2.64,0.0,33,4.42,84,3.3,1
532,Vendor_532,99,2.69,1.69,13,3.85,74,2.4,5
533,Vendor_533,84,4.63,3.9,20,3.57,81,4.33,9
534,Vendor_534,82,4.98,3.8,7,1.82,62,2.97,1
535,Vendor_535,82,4.19,2.27,15,3.83,78,4.65,5
536,Vendor_536,92,3.61,3.82,23,1.39,93,4.71,0
537,Vendor_537,86,4.12,1.29,14,8.03,94,1.66,0
538,Vendor_538,61,3.99,4.13,23,4.58,60,1.01,4
539,Vendor_539,52,3.46,8.02,19,5.0,80,4.94,9
540,Vendor_540,50,2.66,4.79,29,9.04,88,4.62,8
541,Vendor_541,82,4.55,0.18,20,6.92,65,1.22,7
542,Vendor_542,89,3.43,4.21,29,1.07,96,4.33,2
543,Vendor_543,59,4.55,0.27,24,9.49,60,2.83,2
544,Vendor_544,92,3.13,9.66,18,3.13,60,2.04,0
545,Vendor_545,93,2.5,1.27,10,1.97,86,4.51,2
546,Vendor_546,78,2.9,7.08,41,7.91,80,1.79,0
547,Vendor_547,62,3.67,9.73,8,5.5,75,4.79,7
548,Vendor_548,61,4.86,8.26,26,4.9,99,1.82,0
549,Vendor_549,80,2.76,6.99,29,3.25,85,3.45,4
550,Vendor_550,95,4.64,8.39,10,5.93,75,1.89,8
551,Vendor_551,51,3.82,9.82,17,3.47,87,3.18,6
552,Vendor_552,99,4.56,6.21,2,9.11,60,3.74,3
553,Vendor_553,84,3.25,5.59,6,2.94,95,1.76,8
554,Vendor_554,72,4.6,6.28,5,8.96,69,3.08,8
555,Vendor_555,66,4.43,5.33,28,6.03,76,2.88,1
556,Vendor_556,75,3.08,6.35,41,8.46,82,1.28,9
557,Vendor_557,57,2.83,4.5,5,7.42,66,4.27,9
558,Vendor_558,78,4.67,2.18,18,7.27,66,2.34,5
559,Vendor_559,75,4.91,1.2,26,3.92,74,3.3,3
560,Vendor_560,59,2.58,0.68,20,3.11,93,3.06,7
561,Vendor_561,75,4.33,2.63,41,2.9,63,3.05,6
562,Vendor_562,83,4.77,0.46,27,8.71,73,1.43,6
563,Vendor_563,90,4.64,5.67,12,8.38,73,2.69,9
564,Vendor_564,56,4.91,2.84,7,4.97,75,2.81,8
565,Vendor_565,53,4.4,8.25,3,2.19,66,3.93,4
566,Vendor_566,99,3.61,0.74,10,4.44,91,4.36,5
567,Vendor_567,94,3.28,2.26,34,6.57,78,3.18,0
568,Vendor_568,60,3.3,7.3,25,5.09,61,1.35,5
569,Vendor_569,78,4.31,5.99,35,8.02,69,1.95,1
570,Vendor_570,85,4.36,0.64,16,9.98,76,1.66,5
571,Vendor_571,74,3.0,8.77,2,2.72,96,1.5,8
572,Vendor_572,70,4.67,8.77,24,5.14,71,2.46,7
573,Vendor_573,85,4.29,3.3,10,4.88,65,1.92,8
574,Vendor_574,59,3.91,3.4,38,3.74,81,1.87,9
575,Vendor_575,86,3.68,9.89,22,2.78,91,1.22,7
576,Vendor_576,58,3.86,6.26,26,1.59,79,1.07,2
577,Vendor_577,73,2.9,5.31,43,8.98,60,1.41,7
578,Vendor_578,84,3.01,8.38,39,4.78,65,1.69,5
579,Vendor_579,98,2.73,2.85,27,5.47,78,2.72,5
580,Vendor_580,84,2.88,4.29,29,9.25,77,3.04,5
581,Vendor_581,97,3.63,2.68,47,7.99,65,1.56,2
582,Vendor_582,85,3.83,7.89,38,2.17,92,2.7,9
583,Vendor_583,67,2.54,5.73,20,6.09,82,2.37,0
584,Vendor_584,98,4.49,6.59,27,4.98,82,1.73,3
585,Vendor_585,88,3.24,2.52,41,8.17,85,1.03,9
586,Vendor_586,81,4.78,2.2,20,7.52,72,2.87,5
587,Vendor_587,73,4.92,4.88,44,7.21,66,3.74,9
588,Vendor_588,72,2.96,7.38,19,4.06,74,1.91,1
589,Vendor_589,81,3.66,5.25,20,8.24,86,1.53,6
590,Vendor_590,86,2.5,0.33,35,1.47,85,4.55,6
591,Vendor_591,61,4.0,8.69,47,2.44,92,2.1,3
592,Vendor_592,98,4.02,0.65,2,4.02,74,1.89,3
593,Vendor_593,62,3.12,9.56,30,1.69,95,4.43,0
594,Vendor_594,72,3.9,0.25,34,3.11,86,4.27,1
595,Vendor_595,74,3.06,6.94,22,8.47,64,2.79,8
596,Vendor_596,84,2.9,0.82,3,9.53,61,2.96,9
597,Vendor_597,90,4.13,9.11,6,3.74,92,1.87,7
598,Vendor_598,79,3.31,4.64,15,3.38,75,1.31,7
599,Vendor_599,66,3.98,1.38,27,3.52,82,3.29,8
600,Vendor_600,98,3.58,3.41,10,3.5,97,1.39,6
601,Vendor_601,69,4.96,1.65,9,1.32,75,2.8,8
602,Vendor_602,97,2.87,1.71,33,9.34,73,4.76,9
603,Vendor_603,74,3.66,9.48,32,2.92,88,4.81,1
604,Vendor_604,71,4.2,4.45,6,4.78,85,1.96,5
605,Vendor_605,62,3.49,7.89,41,1.09,94,3.5,2
606,Vendor_606,68,4.94,6.4,36,8.72,74,2.9,5
607,Vendor_607,98,4.3,6.76,2,7.58,62,4.5,2
608,Vendor_608,85,4.14,1.32,29,9.52,82,2.09,7
609,Vendor_609,61,4.39,2.34,4,8.03,88,1.01,3
610,Vendor_610,90,4.88,7.87,1,3.82,93,1.65,9
611,Vendor_611,68,4.77,9.71,19,3.23,92,2.4,5
612,Vendor_612,61,4.31,2.63,26,7.28,82,2.26,8
613,Vendor_613,58,4.37,2.72,25,4.28,66,4.17,1
614,Vendor_614,56,2.86,4.73,10,6.1,62,3.72,1
615,Vendor_615,77,2.76,9.84,15,1.06,91,2.2,6
616,Vendor_616,63,3.93,2.69,22,1.56,90,2.83,1
617,Vendor_617,80,2.55,4.07,21,5.82,77,1.38,1
618,Vendor_618,68,3.71,8.91,22,6.09,66,4.59,3
619,Vendor_619,96,3.03,0.03,36,7.76,60,4.74,8
620,Vendor_620,65,3.37,0.4,34,2.19,73,4.92,7
621,Vendor_621,54,4.44,6.04,30,5.62,91,4.47,1
622,Vendor_622,84,4.85,9.07,25,2.75,65,1.7,7
623,Vendor_623,61,2.68,2.39,45,1.84,98,1.18,3
624,Vendor_624,74,3.84,4.7,28,4.69,69,3.32,1
625,Vendor_625,70,4.71,4.5,1,2.47,66,4.65,9
626,Vendor_626,85,2.71,4.73,45,3.0,85,1.71,6
627,Vendor_627,72,4.56,6.23,4,3.86,93,1.03,5
628,Vendor_628,65,3.39,4.7,7,3.33,89,4.22,9
629,Vendor_629,88,3.31,4.47,9,1.79,95,1.31,4
630,Vendor_630,94,4.94,4.74,36,1.81,80,2.65,0
631,Vendor_631,91,3.0,5.91,19,2.74,76,3.72,1
632,Vendor_632,88,4.23,5.37,1,1.46,92,1.95,7
633,Vendor_633,63,4.55,8.54,10,6.64,69,1.34,0
634,Vendor_634,80,2.6,0.49,36,3.59,71,4.08,2
635,Vendor_635,54,4.18,8.33,9,3.52,75,3.52,1
636,Vendor_636,84,4.88,8.44,45,3.99,91,4.95,4
637,Vendor_637,72,2.81,2.85,46,6.97,74,2.38,3
638,Vendor_638,78,4.74,4.63,42,8.84,86,1.25,6
639,Vendor_639,92,3.99,4.39,32,7.83,87,3.94,4
640,Vendor_640,60,4.04,2.19,32,7.55,76,3.09,7
641,Vendor_641,67,4.03,3.97,6,5.36,61,1.85,3
642,Vendor_642,96,3.25,0.44,38,7.24,95,4.13,5
643,Vendor_643,61,4.84,2.78,17,5.97,66,1.82,3
644,Vendor_644,58,4.87,8.17,10,2.95,72,2.04,1
645,Vendor_645,59,4.06,2.85,27,2.88,74,1.37,0
646,Vendor_646,93,4.46,8.18,35,3.67,84,2.6,0
647,Vendor_647,66,4.03,5.32,21,9.2,82,2.68,7
648,Vendor_648,87,3.71,8.8,25,5.93,81,3.06,3
649,Vendor_649,56,4.15,5.75,28,7.61,85,3.84,4
650,Vendor_650,95,3.88,0.3,47,4.12,92,4.62,7
651,Vendor_651,62,3.99,6.75,15,4.67,70,1.55,6
652,Vendor_652,89,4.46,0.45,4,2.13,69,1.22,7
653,Vendor_653,91,3.7,4.51,29,2.54,84,1.07,7
654,Vendor_654,58,2.6,9.29,9,8.45,96,1.57,5
655,Vendor_655,99,2.91,1.65,27,6.26,97,3.63,9
656,Vendor_656,76,3.6,3.9,26,4.04,83,3.91,1
657,Vendor_657,51,4.31,7.3,19,8.23,99,4.15,5
658,Vendor_658,54,3.98,8.82,28,3.22,92,1.97,0
659,Vendor_659,78,4.13,6.71,17,9.78,76,2.22,0
660,Vendor_660,86,3.7,2.58,43,4.1,83,2.93,2
661,Vendor_661,87,4.04,6.75,41,4.04,96,1.25,2
662,Vendor_662,68,3.32,2.97,42,3.81,61,3.44,4
663,Vendor_663,57,3.68,7.18,20,2.1,91,4.93,0
664,Vendor_664,97,4.36,9.54,45,2.0,83,2.44,9
665,Vendor_665,94,4.68,7.21,40,6.83,68,4.01,5
666,Vendor_666,50,3.58,8.63,39,8.88,63,3.0,6
667,Vendor_667,71,2.61,0.02,23,8.11,76,1.51,9
668,Vendor_668,66,2.9,7.18,47,2.27,76,3.33,2
669,Vendor_669,56,2.55,8.3,32,5.91,89,2.2,3
670,Vendor_670,74,4.13,0.41,47,1.95,99,1.14,9
671,Vendor_671,94,3.33,8.72,33,1.41,70,3.54,9
672,Vendor_672,53,3.86,2.57,46,6.91,80,4.44,9
673,Vendor_673,85,3.73,6.65,5,5.82,80,2.38,9
674,Vendor_674,55,2.7,8.0,43,1.74,77,2.56,9
675,Vendor_675,80,3.51,6.63,34,1.31,88,4.56,2
676,Vendor_676,68,3.05,0.92,40,9.91,83,4.25,0
677,Vendor_677,93,3.55,5.96,11,1.27,69,3.86,7
678,Vendor_678,88,3.01,5.5,3,5.0,76,2.0,9
679,Vendor_679,76,4.6,9.0,33,5.54,77,4.64,9
680,Vendor_680,59,2.94,4.04,11,2.06,79,1.62,1
681,Vendor_681,75,4.9,3.21,16,2.52,96,3.51,0
682,Vendor_682,68,3.54,7.5,18,4.17,77,1.12,7
683,Vendor_683,88,4.62,4.13,30,7.86,76,3.57,6
684,Vendor_684,52,4.07,6.46,10,5.56,68,2.11,6
685,Vendor_685,94,4.34,6.46,18,6.74,73,2.8,3
686,Vendor_686,62,4.42,8.88,38,9.87,88,2.38,8
687,Vendor_687,99,3.76,5.99,19,7.91,90,1.69,5
688,Vendor_688,77,3.86,5.02,36,4.91,63,3.49,1
689,Vendor_689,69,3.78,1.39,13,5.02,77,4.53,0
690,Vendor_690,77,3.97,1.16,46,6.57,79,4.84,0
691,Vendor_691,57,2.57,1.54,3,6.99,68,1.77,8
692,Vendor_692,90,3.49,1.72,10,5.51,72,3.87,3
693,Vendor_693,88,4.02,6.38,38,6.8,74,3.66,4
694,Vendor_694,50,3.99,7.41,1,1.21,86,2.37,2
695,Vendor_695,52,4.48,5.3,27,4.87,74,1.08,3
696,Vendor_696,62,4.14,8.29,46,3.51,87,3.76,7
697,Vendor_697,77,4.98,9.91,8,2.16,96,4.78,3
698,Vendor_698,98,3.21,8.2,46,1.9,78,3.53,8
699,Vendor_699,74,3.4,6.95,42,6.43,85,2.74,8
700,Vendor_700,82,3.46,5.32,17,5.71,85,3.1,5
701,Vendor_701,87,3.66,4.49,9,3.28,84,1.8,1
702,Vendor_702,55,4.59,0.84,6,5.24,85,4.0,9
703,Vendor_703,93,3.09,3.99,43,5.43,85,3.99,6
704,Vendor_704,94,4.44,9.1,25,2.76,87,1.58,8
705,Vendor_705,81,3.51,8.08,39,6.87,77,4.51,5
706,Vendor_706,94,4.0,2.16,28,8.03,91,2.08,2
707,Vendor_707,96,4.08,4.67,33,8.12,62,4.93,6
708,Vendor_708,70,3.43,8.17,37,6.42,61,2.53,4
709,Vendor_709,65,3.78,0.67,9,5.6,92,1.71,0
710,Vendor_710,70,3.53,3.87,18,1.55,78,2.41,2
711,Vendor_711,60,2.67,8.52,21,3.59,76,2.76,4
712,Vendor_712,86,3.59,4.04,2,1.84,92,1.28,6
713,Vendor_713,85,2.74,0.78,43,9.67,71,3.31,2
714,Vendor_714,84,3.51,5.43,38,2.22,62,3.39,5
715,Vendor_715,68,3.98,8.62,40,2.37,85,3.96,4
716,Vendor_716,69,3.95,5.9,36,9.01,94,1.12,0
717,Vendor_717,67,4.16,2.26,43,9.5,67,3.16,9
718,Vendor_718,96,2.74,3.84,37,7.89,95,1.21,5
719,Vendor_719,90,4.13,4.5,15,1.05,66,3.8,7
720,Vendor_720,98,3.28,5.79,28,1.01,95,1.22,0
721,Vendor_721,63,3.5,7.59,18,4.4,75,4.65,1
722,Vendor_722,64,4.64,0.99,34,2.29,83,3.81,3
723,Vendor_723,80,2.52,8.9,22,1.17,60,3.03,1
724,Vendor_724,50,3.97,0.12,11,5.18,84,2.77,8
725,Vendor_725,52,4.0,3.7,13,9.49,69,1.52,9
726,Vendor_726,65,3.49,0.27,4,3.91,75,2.16,7
727,Vendor_727,72,3.09,3.93,22,6.95,75,4.48,7
728,Vendor_728,60,3.09,5.26,7,6.87,67,4.62,3
729,Vendor_729,61,4.71,5.12,43,3.26,88,1.0,4
730,Vendor_730,59,3.61,1.66,24,6.85,98,3.38,3
731,Vendor_731,81,3.33,6.46,4,2.91,87,3.88,8
732,Vendor_732,65,3.62,0.45,28,2.1,65,3.47,1
733,Vendor_733,57,4.17,7.62,15,7.31,75,1.33,7
734,Vendor_734,87,2.86,9.47,1,2.02,79,1.87,1
735,Vendor_735,61,3.62,3.4,3,9.97,75,2.0,0
736,Vendor_736,73,3.97,5.17,14,2.65,66,4.33,9
737,Vendor_737,77,4.87,3.79,38,6.35,73,2.85,2
738,Vendor_738,57,3.13,0.07,1,4.7,85,2.95,8
739,Vendor_739,77,3.4,3.86,38,2.14,85,4.74,2
740,Vendor_740,85,3.45,7.92,38,1.25,73,3.55,8
741,Vendor_741,75,4.01,5.96,21,6.6,66,4.59,6
742,Vendor_742,57,3.39,1.01,29,8.26,92,2.83,9
743,Vendor_743,99,3.83,8.47,5,8.58,85,1.6,0
744,Vendor_744,77,4.45,5.31,10,5.34,79,4.72,9
745,Vendor_745,77,4.26,8.42,28,8.0,62,2.83,4
746,Vendor_746,86,3.62,5.8,21,7.06,63,1.73,8
747,Vendor_747,90,4.66,5.6,7,7.52,85,2.21,2
748,Vendor_748,85,3.9,1.05,3,5.43,70,1.2,8
749,Vendor_749,76,3.85,1.67,45,6.7,61,2.87,4
750,Vendor_750,66,2.59,9.72,47,8.25,73,4.41,8
751,Vendor_751,58,4.97,2.28,20,4.58,89,4.73,9
752,Vendor_752,82,2.81,9.77,19,8.25,71,4.73,5
753,Vendor_753,69,3.08,5.32,35,6.33,85,1.5,8
754,Vendor_754,62,2.63,1.36,4,2.49,92,2.53,6
755,Vendor_755,77,4.1,0.99,5,1.22,72,1.11,6
756,Vendor_756,97,3.06,2.09,1,4.26,73,4.42,7
757,Vendor_757,78,2.95,9.26,4,5.92,83,2.44,6
758,Vendor_758,62,2.72,4.14,12,8.56,93,3.52,8
759,Vendor_759,95,2.76,3.95,27,2.15,85,3.86,8
760,Vendor_760,84,3.96,3.13,42,8.2,80,2.72,5
761,Vendor_761,55,4.22,1.47,23,8.77,87,2.23,6
762,Vendor_762,67,3.49,4.88,25,2.36,95,4.85,1
763,Vendor_763,54,3.7,1.3,21,8.66,99,4.86,8
764,Vendor_764,96,4.21,8.35,24,9.92,61,2.16,0
765,Vendor_765,74,2.54,3.7,25,7.54,68,2.92,0
766,Vendor_766,51,3.31,3.75,45,8.06,82,4.89,2
767,Vendor_767,59,4.93,4.74,46,9.95,74,1.02,5
768,Vendor_768,79,3.95,4.44,32,6.45,72,2.65,4
769,Vendor_769,99,3.14,9.95,32,3.77,82,1.4,1
770,Vendor_770,94,3.8,5.45,5,8.54,76,3.04,8
771,Vendor_771,54,3.36,0.88,36,6.53,61,1.1,9
772,Vendor_772,82,3.83,6.07,46,6.23,79,2.63,3
773,Vendor_773,50,2.81,1.52,42,3.28,79,1.88,3
774,Vendor_774,67,2.83,0.31,42,7.81,62,3.13,4
775,Vendor_775,81,2.86,9.71,39,1.74,71,4.98,7
776,Vendor_776,96,4.85,7.74,16,9.32,99,4.2,9
777,Vendor_777,98,4.33,9.8,33,3.93,61,4.38,3
778,Vendor_778,60,2.91,4.78,21,2.15,95,3.54,4
779,Vendor_779,70,2.97,5.32,9,4.98,73,1.17,3
780,Vendor_780,75,4.33,1.68,6,1.38,75,1.83,5
781,Vendor_781,74,2.89,2.47,45,7.16,78,4.7,2
782,Vendor_782,71,3.09,8.39,35,9.12,93,2.46,7
783,Vendor_783,76,4.91,3.56,39,8.54,65,1.41,5
784,Vendor_784,98,3.14,8.27,22,2.15,72,3.81,9
785,Vendor_785,62,4.15,7.09,41,2.14,95,2.2,4
786,Vendor_786,82,4.95,1.77,5,8.32,81,2.08,1
787,Vendor_787,83,3.44,5.07,42,9.32,77,4.99,9
788,Vendor_788,90,2.54,6.77,23,5.15,71,4.43,9
789,Vendor_789,84,3.11,2.35,17,5.49,89,2.63,6
790,Vendor_790,50,4.58,8.31,12,3.86,99,4.92,1
791,Vendor_791,70,4.66,5.45,23,9.05,66,3.6,0
792,Vendor_792,97,4.42,1.65,16,6.8,91,3.97,6
793,Vendor_793,55,2.78,5.83,3,3.59,78,1.13,4
794,Vendor_794,77,4.49,10.0,30,3.69,65,1.49,0
795,Vendor_795,66,4.8,1.51,22,9.02,79,3.53,3
796,Vendor_796,54,4.0,8.17,9,1.12,86,4.6,3
797,Vendor_797,80,4.85,2.07,29,3.9,96,3.49,9
798,Vendor_798,54,4.57,7.82,47,5.99,66,1.54,6
799,Vendor_799,87,4.17,7.35,37,2.33,64,1.46,8
800,Vendor_800,52,3.94,3.0,23,1.83,70,4.38,1
801,Vendor_801,72,3.37,3.26,13,8.34,74,1.56,0
802,Vendor_802,86,2.9,7.93,32,9.05,62,3.08,1
803,Vendor_803,86,4.01,4.61,46,8.41,64,1.15,6
804,Vendor_804,59,3.3,7.31,47,9.09,82,1.32,9
805,Vendor_805,59,4.67,1.48,23,5.98,96,3.69,5
806,Vendor_806,68,4.98,8.53,45,8.31,68,3.76,3
807,Vendor_807,66,4.38,7.11,17,4.46,74,2.37,0
808,Vendor_808,70,2.73,9.07,40,7.0,62,1.86,0
809,Vendor_809,63,3.22,1.32,21,9.9,88,4.25,4
810,Vendor_810,58,2.77,5.93,2,3.03,65,1.87,0
811,Vendor_811,95,4.13,5.99,37,4.51,76,3.17,6
812,Vendor_812,50,4.41,3.53,6,5.32,85,4.87,0
813,Vendor_813,94,4.81,4.58,44,2.24,80,1.59,0
814,Vendor_814,62,3.6,0.38,18,1.73,67,4.76,1
815,Vendor_815,53,4.75,7.46,30,8.47,80,1.73,9
816,Vendor_816,50,4.69,5.49,22,9.79,70,3.27,2
817,Vendor_817,98,3.29,0.58,33,4.64,97,2.51,0
818,Vendor_818,89,4.67,6.81,30,1.79,67,4.86,8
819,Vendor_819,81,3.44,4.67,17,1.59,83,2.09,9
820,Vendor_820,83,3.24,0.34,43,9.02,94,2.6,7
821,Vendor_821,77,4.12,9.7,32,5.17,73,4.93,4
822,Vendor_822,80,3.32,9.49,42,3.88,73,3.15,1
823,Vendor_823,57,4.08,5.13,14,5.29,69,3.01,4
824,Vendor_824,88,4.02,0.94,10,3.86,71,2.03,5
825,Vendor_825,75,3.91,7.55,47,5.4,97,3.81,0
826,Vendor_826,83,3.45,4.92,36,8.74,93,1.06,3
827,Vendor_827,52,3.87,3.02,34,6.33,69,1.2,8
828,Vendor_828,99,3.99,4.91,9,7.25,76,3.4,1
829,Vendor_829,61,3.86,5.22,42,4.28,76,2.37,4
830,Vendor_830,50,3.61,5.63,28,7.65,62,4.81,0
831,Vendor_831,93,2.54,4.41,11,7.0,90,4.61,3
832,Vendor_832,54,3.97,6.06,14,2.08,60,3.85,3
833,Vendor_833,79,2.92,9.19,39,6.15,71,4.27,5
834,Vendor_834,79,4.11,3.62,47,3.31,98,3.67,9
835,Vendor_835,66,4.4,7.26,19,8.24,63,1.5,8
836,Vendor_836,97,3.75,8.94,15,4.83,72,4.06,2
837,Vendor_837,96,3.86,4.56,28,9.95,93,1.84,8
838,Vendor_838,72,4.88,4.43,24,1.83,80,2.29,5
839,Vendor_839,64,4.62,6.02,8,8.02,81,4.28,6
840,Vendor_840,86,4.79,5.91,43,7.06,63,3.15,9
841,Vendor_841,70,4.53,8.07,9,7.91,77,4.44,1
842,Vendor_842,63,2.77,4.76,47,3.77,64,1.85,9
843,Vendor_843,51,2.87,9.96,33,5.43,78,3.43,5
844,Vendor_844,60,3.82,0.59,33,8.17,61,1.34,5
845,Vendor_845,88,3.12,0.03,19,3.09,71,3.57,1
846,Vendor_846,87,3.69,6.4,3,3.03,76,4.05,1
847,Vendor_847,83,3.49,2.98,10,5.96,69,3.34,1
848,Vendor_848,87,3.87,2.4,40,5.71,93,2.06,9
849,Vendor_849,99,4.37,3.12,47,3.54,65,1.13,0
850,Vendor_850,83,4.29,2.56,42,3.68,67,1.48,4
851,Vendor_851,67,3.8,0.31,1,3.5,70,3.49,7
852,Vendor_852,79,4.56,9.72,29,7.94,71,4.74,1
853,Vendor_853,64,3.58,2.21,34,6.87,68,1.83,4
854,Vendor_854,76,4.74,7.34,13,8.49,61,3.94,7
855,Vendor_855,83,2.68,7.63,1,9.78,67,4.47,9
856,Vendor_856,87,4.89,9.29,34,5.27,70,3.08,4
857,Vendor_857,82,4.14,0.31,29,1.6,95,3.68,1
858,Vendor_858,73,3.45,8.72,47,1.43,69,4.26,2
859,Vendor_859,64,2.99,5.27,13,3.66,80,2.04,5
860,Vendor_860,79,3.7,6.33,29,9.39,79,2.19,4
861,Vendor_861,91,2.99,6.44,39,5.71,67,1.0,3
862,Vendor_862,66,2.92,8.2,24,3.45,95,4.85,3
863,Vendor_863,54,4.04,3.33,26,4.59,88,4.67,4
864,Vendor_864,78,3.81,7.33,17,6.39,71,4.06,1
865,Vendor_865,53,4.18,5.29,7,6.88,73,1.32,8
866,Vendor_866,59,4.82,7.93,13,2.39,80,2.79,1
867,Vendor_867,66,3.83,9.91,5,9.79,81,1.41,9
868,Vendor_868,59,3.95,2.01,26,5.9,80,1.06,1
869,Vendor_869,66,2.72,9.95,3,2.22,89,3.46,9
870,Vendor_870,69,4.29,0.9,7,9.04,98,4.84,8
871,Vendor_871,73,3.5,0.02,39,1.67,79,4.61,2
872,Vendor_872,54,4.94,0.44,1,9.17,83,3.79,9
873,Vendor_873,83,4.56,3.42,17,9.97,82,1.39,6
874,Vendor_874,55,3.81,6.33,43,7.3,66,2.1,3
875,Vendor_875,51,2.81,0.69,25,7.93,68,2.28,5
876,Vendor_876,62,4.65,0.06,3,4.04,60,4.05,3
877,Vendor_877,92,4.5,9.37,15,9.47,85,4.21,9
878,Vendor_878,92,2.96,8.22,29,5.77,97,2.54,6
879,Vendor_879,97,3.24,8.09,43,7.59,97,2.67,0
880,Vendor_880,60,4.48,8.84,32,9.32,81,1.18,2
881,Vendor_881,96,2.96,7.0,26,9.78,69,2.16,2
882,Vendor_882,72,4.79,1.04,16,8.5,65,2.81,0
883,Vendor_883,65,3.56,3.99,25,3.73,76,1.47,5
884,Vendor_884,80,2.72,7.23,28,9.7,97,2.81,8
885,Vendor_885,60,4.54,2.8,9,6.65,83,4.41,7
886,Vendor_886,65,3.43,6.87,1,9.38,69,3.33,6
887,Vendor_887,57,3.82,0.24,29,7.08,67,1.32,9
888,Vendor_888,53,2.78,3.06,22,3.77,80,1.77,7
889,Vendor_889,89,2.51,5.49,16,4.33,65,2.9,5
890,Vendor_890,53,4.09,6.32,41,5.95,80,2.45,8
891,Vendor_891,74,3.79,5.77,44,8.11,98,2.43,2
892,Vendor_892,52,3.98,6.98,41,3.86,83,3.12,9
893,Vendor_893,81,4.48,0.06,7,6.22,92,3.34,9
894,Vendor_894,52,4.12,1.01,14,4.11,77,4.19,8
895,Vendor_895,76,2.94,8.69,29,8.34,87,2.36,3
896,Vendor_896,78,3.4,6.82,19,5.2,91,4.22,6
897,Vendor_897,81,4.76,1.13,19,1.69,71,2.35,8
898,Vendor_898,99,4.42,8.42,2,2.49,86,1.22,1
899,Vendor_899,68,3.89,2.42,41,1.55,69,3.22,1
900,Vendor_900,70,3.14,4.78,45,5.49,91,3.35,8
901,Vendor_901,54,3.26,1.45,15,1.96,85,4.74,2
902,Vendor_902,67,4.33,7.1,3,2.03,84,3.9,8
903,Vendor_903,77,4.63,6.67,11,9.47,70,4.67,4
904,Vendor_904,91,4.18,2.11,46,8.85,82,4.63,5
905,Vendor_905,71,4.52,8.63,30,5.07,93,3.42,1
906,Vendor_906,70,4.42,4.01,40,9.87,99,3.11,7
907,Vendor_907,55,2.87,2.93,18,1.0,82,3.23,8
908,Vendor_908,50,3.56,1.52,2,6.53,88,4.91,1
909,Vendor_909,54,2.88,2.66,32,6.55,90,4.09,5
910,Vendor_910,90,3.09,0.22,8,5.12,66,1.43,5
911,Vendor_911,61,4.67,5.83,22,4.57,99,4.11,7
912,Vendor_912,75,3.68,8.42,6,5.1,92,1.68,9
913,Vendor_913,95,3.84,5.49,12,4.73,80,2.79,4
914,Vendor_914,83,2.95,2.19,47,7.57,61,1.84,8
915,Vendor_915,98,3.28,0.34,40,2.22,77,3.76,0
916,Vendor_916,63,3.08,2.15,36,2.78,92,4.51,8
917,Vendor_917,75,3.02,4.16,15,2.62,96,2.16,9
918,Vendor_918,94,4.09,7.6,28,3.36,93,1.33,6
919,Vendor_919,76,3.14,1.88,45,5.73,79,2.19,3
920,Vendor_920,58,4.08,7.2,18,2.0,94,3.69,2
921,Vendor_921,75,2.65,8.67,2,8.81,77,2.32,9
922,Vendor_922,96,2.85,4.54,13,3.68,83,2.11,5
923,Vendor_923,71,3.19,8.21,45,2.46,67,1.74,0
924,Vendor_924,96,3.99,5.55,15,7.08,89,2.99,2
925,Vendor_925,79,4.19,6.37,20,1.34,69,2.1,1
926,Vendor_926,92,3.61,5.26,29,6.58,82,3.92,8
927,Vendor_927,97,3.61,4.63,42,7.28,70,1.31,2
928,Vendor_928,66,4.31,2.35,29,2.93,61,3.66,1
929,Vendor_929,75,2.54,3.03,3,1.38,85,1.95,3
930,Vendor_930,85,3.35,2.9,19,4.27,95,2.96,1
931,Vendor_931,50,4.55,5.63,3,1.89,92,2.14,0
932,Vendor_932,57,4.01,1.2,14,2.05,72,3.89,5
933,Vendor_933,98,3.34,9.17,40,3.29,99,4.78,9
934,Vendor_934,84,4.76,7.21,4,3.66,84,4.67,7
935,Vendor_935,64,4.43,4.01,11,5.77,63,3.33,9
936,Vendor_936,96,3.16,1.59,31,7.11,78,2.85,9
937,Vendor_937,71,4.11,8.82,43,6.33,77,4.27,1
938,Vendor_938,63,3.99,8.24,32,2.34,96,3.73,8
939,Vendor_939,75,3.5,7.22,27,2.55,89,1.73,2
940,Vendor_940,77,3.42,2.72,30,8.91,78,4.28,7
941,Vendor_941,72,3.36,4.02,43,6.03,82,2.72,7
942,Vendor_942,63,4.04,1.03,2,8.83,75,1.76,2
943,Vendor_943,73,3.61,1.89,9,4.34,60,2.13,2
944,Vendor_944,51,4.58,7.83,28,6.53,71,2.07,5
945,Vendor_945,94,4.17,7.15,31,5.71,83,3.08,0
946,Vendor_946,75,2.67,5.93,34,3.87,93,1.94,3
947,Vendor_947,63,4.1,8.96,15,5.23,67,1.49,0
948,Vendor_948,56,3.18,5.83,25,5.52,77,1.49,2
949,Vendor_949,52,3.98,4.67,36,2.81,64,3.33,8
950,Vendor_950,96,4.2,3.4,8,3.84,85,3.94,4
951,Vendor_951,72,3.08,9.4,9,8.12,89,2.29,4
952,Vendor_952,95,3.64,0.83,37,9.24,72,1.14,3
953,Vendor_953,92,2.98,9.31,45,4.24,78,1.51,2
954,Vendor_954,96,2.63,8.27,39,3.76,88,4.66,4
955,Vendor_955,94,3.45,1.3,32,2.76,62,2.97,3
956,Vendor_956,67,3.41,5.65,17,7.11,85,2.81,7
957,Vendor_957,87,4.99,8.67,35,3.91,99,1.15,3
958,Vendor_958,84,3.62,5.72,37,9.89,71,3.91,7
959,Vendor_959,64,3.33,9.07,19,3.93,61,3.11,5
960,Vendor_960,74,3.95,9.43,44,4.55,70,1.81,4
961,Vendor_961,86,2.72,4.22,29,6.43,87,1.44,3
962,Vendor_962,77,4.9,3.77,7,8.22,77,2.53,3
963,Vendor_963,59,4.09,9.36,28,5.23,72,4.35,3
964,Vendor_964,88,4.39,6.75,9,4.8,96,4.46,8
965,Vendor_965,66,2.93,1.16,28,9.96,81,3.41,3
966,Vendor_966,88,3.52,0.42,6,1.09,71,3.91,8
967,Vendor_967,71,3.56,5.65,29,9.06,61,1.46,9
968,Vendor_968,75,4.55,9.3,17,2.34,96,3.35,5
969,Vendor_969,93,2.5,8.44,16,8.07,66,3.67,9
970,Vendor_970,74,3.25,6.76,23,6.56,85,1.8,6
971,Vendor_971,66,4.95,1.39,31,4.08,85,4.52,9
972,Vendor_972,62,3.69,2.54,3,8.86,83,1.78,2
973,Vendor_973,69,3.46,8.76,21,1.12,71,2.25,7
974,Vendor_974,74,2.8,1.83,26,3.04,75,3.48,2
975,Vendor_975,53,4.94,2.78,36,6.1,82,3.55,0
976,Vendor_976,59,2.55,1.3,42,4.16,99,3.8,9
977,Vendor_977,52,4.34,6.76,37,6.49,68,1.45,4
978,Vendor_978,90,4.42,9.44,22,1.22,91,4.4,1
979,Vendor_979,94,3.11,2.69,42,2.05,74,3.13,9
980,Vendor_980,67,4.18,4.75,12,2.14,96,2.89,5
981,Vendor_981,96,2.73,6.34,42,2.7,72,4.92,9
982,Vendor_982,85,3.14,9.99,13,5.13,64,3.96,8
983,Vendor_983,96,4.47,1.05,11,7.77,70,1.47,0
984,Vendor_984,71,4.66,4.99,16,9.15,69,4.03,3
985,Vendor_985,83,4.02,3.85,8,8.52,72,1.38,0
986,Vendor_986,96,3.77,8.66,40,2.77,74,1.11,0
987,Vendor_987,57,2.9,4.76,40,4.97,66,2.61,7
988,Vendor_988,89,2.66,1.11,45,2.79,99,4.97,1
989,Vendor_989,98,2.79,6.34,2,3.38,87,1.7,0
990,Vendor_990,93,3.07,7.71,30,5.53,91,3.69,7
991,Vendor_991,68,3.35,0.03,30,1.61,94,1.69,3
992,Vendor_992,91,3.45,8.59,12,2.96,74,3.9,2
993,Vendor_993,90,3.37,1.86,10,9.42,95,3.02,3
994,Vendor_994,86,3.1,5.52,44,5.2,80,3.72,4
995,Vendor_995,55,3.77,4.16,11,5.01,65,1.81,0
996,Vendor_996,75,4.56,7.2,15,1.13,60,3.98,0
997,Vendor_997,83,3.2,3.71,16,3.23,63,4.98,2
998,Vendor_998,94,4.86,8.7,17,8.8,70,3.66,5
999,Vendor_999,55,4.68,7.3,26,2.48,85,2.97,0
1000,Vendor_1000,86,2.9,6.48,2,4.74,96,4.69,1
